<?xml version="1.0" encoding="UTF-8"?>
<con:soapui-project id="8bf434bf-733b-4032-b1d5-659bb58c5b3d" activeEnvironment="Default" name="API Gateway" resourceRoot="" soapui-version="5.6.0" xmlns:con="http://eviware.com/soapui/config"><con:settings/><con:interface xsi:type="con:RestService" id="6c45ae79-759e-4c9d-912e-352a0cf4ce10" wadlVersion="http://wadl.dev.java.net/2009/02" name="http://localhost:3000" type="rest" xmlns:xsi="http://www.w3.org/2001/XMLSchema-instance"><con:settings/><con:definitionCache/><con:endpoints><con:endpoint>http://localhost:3000</con:endpoint></con:endpoints><con:resource name="" path="" id="bfdbdc95-e892-45ae-8bb3-f3e125b7b9ec"><con:settings/><con:parameters/><con:resource name="register" path="/api/auth/register" id="f4b6345b-5b30-42d0-9abc-e22d62e2ff6f"><con:settings/><con:parameters/><con:method name="Method 1" id="de8bf6fb-9918-44ca-8e4b-00a34bbf3692" method="POST"><con:settings/><con:parameters/><con:representation type="RESPONSE"><con:mediaType>application/json; charset=utf-8</con:mediaType><con:status>200</con:status><con:params/><con:element xmlns:reg="http://localhost/api/auth/register">reg:Response</con:element></con:representation><con:representation type="REQUEST"><con:mediaType>application/x-www-form-urlencoded</con:mediaType><con:params/></con:representation><con:request name="Request 1" id="c7ccb9e9-63a3-4cbc-9e89-aba549066f7f" mediaType="application/x-www-form-urlencoded" postQueryString="false"><con:settings><con:setting id="com.eviware.soapui.impl.wsdl.WsdlRequest@request-headers">&lt;xml-fragment/></con:setting></con:settings><con:endpoint>http://localhost:3000</con:endpoint><con:request><![CDATA[grant_type=password&username=<yourUserName>&password=<yourPas
sword>&email=<yourEmail>]]></con:request><con:originalUri>http://localhost/api/auth/register</con:originalUri><con:credentials><con:authType>No Authorization</con:authType></con:credentials><con:jmsConfig JMSDeliveryMode="PERSISTENT"/><con:jmsPropertyConfig/><con:parameters/></con:request></con:method></con:resource></con:resource></con:interface><con:properties/><con:wssContainer/><con:oAuth2ProfileContainer/><con:oAuth1ProfileContainer/><con:sensitiveInformation/></con:soapui-project>