<?xml version="1.0" encoding="UTF-8"?>
<con:soapui-project id="8bf434bf-733b-4032-b1d5-659bb58c5b3d" activeEnvironment="Default" name="API Gateway" resourceRoot="" soapui-version="5.6.0" abortOnError="false" runType="SEQUENTIAL" xmlns:con="http://eviware.com/soapui/config"><con:settings/><con:interface xsi:type="con:RestService" id="6c45ae79-759e-4c9d-912e-352a0cf4ce10" wadlVersion="http://wadl.dev.java.net/2009/02" name="http://localhost:3000" type="rest" xmlns:xsi="http://www.w3.org/2001/XMLSchema-instance"><con:settings/><con:definitionCache type="TEXT" rootPart=""/><con:endpoints><con:endpoint>http://localhost:3000</con:endpoint></con:endpoints><con:resource name="" path="" id="bfdbdc95-e892-45ae-8bb3-f3e125b7b9ec"><con:settings/><con:parameters/><con:resource name="register" path="/api/auth/register" id="f4b6345b-5b30-42d0-9abc-e22d62e2ff6f"><con:settings/><con:parameters/><con:method name="Method 1" id="de8bf6fb-9918-44ca-8e4b-00a34bbf3692" method="POST"><con:settings/><con:parameters/><con:representation type="RESPONSE"><con:mediaType>application/json; charset=utf-8</con:mediaType><con:status>200</con:status><con:params/><con:element xmlns:reg="http://localhost/api/auth/register">reg:Response</con:element></con:representation><con:representation type="REQUEST"><con:mediaType>application/x-www-form-urlencoded</con:mediaType><con:params/></con:representation><con:representation type="REQUEST"><con:mediaType>application/json</con:mediaType><con:params/></con:representation><con:representation type="FAULT"><con:mediaType>text/html; charset=utf-8</con:mediaType><con:status>400</con:status><con:params/><con:element>html</con:element></con:representation><con:request name="Request 1" id="c7ccb9e9-63a3-4cbc-9e89-aba549066f7f" mediaType="application/x-www-form-urlencoded" postQueryString="false"><con:settings><con:setting id="com.eviware.soapui.impl.wsdl.WsdlRequest@request-headers">&lt;xml-fragment/></con:setting></con:settings><con:endpoint>http://localhost:3000</con:endpoint><con:request>grant_type=password&amp;username=unicornbb&amp;password=kit1234&amp;email=wdonatti@email.com
</con:request><con:originalUri>http://localhost/api/auth/register</con:originalUri><con:credentials><con:authType>No Authorization</con:authType></con:credentials><con:jmsConfig JMSDeliveryMode="PERSISTENT"/><con:jmsPropertyConfig/><con:parameters/></con:request></con:method></con:resource><con:resource name="register" path="/api/auth/register" id="c8edc4e1-de07-4140-b581-0d451be94cb5"><con:settings/><con:parameters/><con:method name="Method 1" id="ad5a8f57-9344-41f1-985a-e31bc92ef064" method="GET"><con:settings/><con:parameters/><con:representation type="FAULT"><con:mediaType>text/html; charset=utf-8</con:mediaType><con:status>404</con:status><con:params/><con:element>html</con:element></con:representation><con:request name="Request 1" id="c5253a51-d7b7-4627-bd5d-48006ccacfaf" mediaType="application/json" postQueryString="false"><con:settings><con:setting id="com.eviware.soapui.impl.wsdl.WsdlRequest@request-headers">&lt;entry key="x-access-token" value="eyJhbGciOiJIUzI1NiIsInR5cCI6IkpXVCJ9.eyJpZCI6IjVmYjFhMDNkMmUxMGQ5NGU0MGNiMjdmMyIsImlhdCI6MTYwNTQ3NjQxMywiZXhwIjoxNjA1NTYyODEzfQ.mngpO2yEaoweAn6ThoWyIq5Ww6n59Gde5NZpIPccOPU" xmlns="http://eviware.com/soapui/config"/></con:setting></con:settings><con:endpoint>http://localhost:3000</con:endpoint><con:request/><con:originalUri>http://localhost/api/auth/register</con:originalUri><con:credentials><con:authType>No Authorization</con:authType></con:credentials><con:jmsConfig JMSDeliveryMode="PERSISTENT"/><con:jmsPropertyConfig/><con:parameters/><con:parameterOrder/></con:request></con:method></con:resource><con:resource name="token" path="/api/auth/token" id="cf770061-a9c0-4647-94a2-5375198286e6"><con:settings/><con:parameters/><con:method name="Method 1" id="c3719928-4dbd-45f9-8592-f24e9d11c776" method="GET"><con:settings/><con:parameters/><con:representation type="RESPONSE"><con:mediaType>application/json; charset=utf-8</con:mediaType><con:status>200</con:status><con:params/><con:element xmlns:tok="http://localhost/api/auth/token">tok:Response</con:element></con:representation><con:request name="Request 1" id="0d8b0241-4cb3-43da-aa46-9c0d1248c610" mediaType="application/json"><con:settings><con:setting id="com.eviware.soapui.impl.wsdl.WsdlRequest@request-headers">&lt;entry key="x-access-token" value="eyJhbGciOiJIUzI1NiIsInR5cCI6IkpXVCJ9.eyJpZCI6IjVmYjFhMDNkMmUxMGQ5NGU0MGNiMjdmMyIsImlhdCI6MTYwNTQ3NjQxMywiZXhwIjoxNjA1NTYyODEzfQ.mngpO2yEaoweAn6ThoWyIq5Ww6n59Gde5NZpIPccOPU" xmlns="http://eviware.com/soapui/config"/></con:setting></con:settings><con:endpoint>http://localhost:3000</con:endpoint><con:request/><con:originalUri>http://localhost/api/auth/token</con:originalUri><con:credentials><con:authType>No Authorization</con:authType></con:credentials><con:jmsConfig JMSDeliveryMode="PERSISTENT"/><con:jmsPropertyConfig/><con:parameters/></con:request></con:method></con:resource></con:resource><con:inferredSchema><![CDATA[<?xml version="1.0" encoding="UTF-8"?>
<inf:schema xmlns:inf="http://www.eviware.com/soapui/InferredSchema"><inf:namespace>http://localhost</inf:namespace><inf:particle xsi:type="inf:ElementParticle" xmlns:xsi="http://www.w3.org/2001/XMLSchema-instance"><inf:name>html</inf:name><inf:type xsi:type="inf:TypeReference"><inf:reference xmlns:loc="http://localhost">loc:_html</inf:reference></inf:type></inf:particle><inf:prefix key="http://www.w3.org/2001/XMLSchema" value="xs"/><inf:complexType><inf:completed>true</inf:completed><inf:mixed>false</inf:mixed><inf:name>_html</inf:name><inf:content xsi:type="inf:SequenceContent" xmlns:xsi="http://www.w3.org/2001/XMLSchema-instance"><inf:completed>true</inf:completed><inf:particle xsi:type="inf:ElementParticle"><inf:name>head</inf:name><inf:type xsi:type="inf:TypeReference"><inf:reference xmlns:loc="http://localhost">loc:html_head</inf:reference></inf:type></inf:particle><inf:particle xsi:type="inf:ElementParticle"><inf:name>body</inf:name><inf:type xsi:type="inf:TypeReference"><inf:reference xmlns:loc="http://localhost">loc:html_body</inf:reference></inf:type></inf:particle><inf:comesBefore qname="loc:body" xmlns:loc="http://localhost"/><inf:comesBefore qname="loc:head" xmlns:loc="http://localhost"><inf:other>loc:body</inf:other></inf:comesBefore></inf:content></inf:complexType><inf:complexType><inf:completed>true</inf:completed><inf:mixed>false</inf:mixed><inf:name>head_meta</inf:name><inf:attribute xsi:type="inf:AttributeParticle" xmlns:xsi="http://www.w3.org/2001/XMLSchema-instance"><inf:name>name</inf:name><inf:type xsi:type="inf:SimpleType"><inf:completed>false</inf:completed><inf:typeName>string</inf:typeName></inf:type></inf:attribute><inf:attribute xsi:type="inf:AttributeParticle" xmlns:xsi="http://www.w3.org/2001/XMLSchema-instance"><inf:name>content</inf:name><inf:type xsi:type="inf:SimpleType"><inf:completed>false</inf:completed><inf:typeName>string</inf:typeName></inf:type></inf:attribute><inf:content xsi:type="inf:EmptyContent" xmlns:xsi="http://www.w3.org/2001/XMLSchema-instance"><inf:completed>true</inf:completed></inf:content></inf:complexType><inf:complexType><inf:completed>true</inf:completed><inf:mixed>false</inf:mixed><inf:name>html_body</inf:name><inf:content xsi:type="inf:SequenceContent" xmlns:xsi="http://www.w3.org/2001/XMLSchema-instance"><inf:completed>true</inf:completed><inf:particle xsi:type="inf:ElementParticle"><inf:name>h1</inf:name><inf:type xsi:type="inf:SimpleType"><inf:completed>false</inf:completed><inf:typeName>string</inf:typeName></inf:type></inf:particle><inf:particle xsi:type="inf:ElementParticle"><inf:name>h2</inf:name><inf:type xsi:type="inf:SimpleType"><inf:completed>false</inf:completed><inf:typeName>positiveInteger</inf:typeName></inf:type></inf:particle><inf:particle xsi:type="inf:ElementParticle"><inf:name>pre</inf:name><inf:type xsi:type="inf:SimpleType"><inf:completed>false</inf:completed><inf:typeName>string</inf:typeName></inf:type></inf:particle><inf:comesBefore qname="loc:h2" xmlns:loc="http://localhost"><inf:other>loc:pre</inf:other></inf:comesBefore><inf:comesBefore qname="loc:h1" xmlns:loc="http://localhost"><inf:other>loc:h2</inf:other><inf:other>loc:pre</inf:other></inf:comesBefore><inf:comesBefore qname="loc:pre" xmlns:loc="http://localhost"/></inf:content></inf:complexType><inf:complexType><inf:completed>true</inf:completed><inf:mixed>false</inf:mixed><inf:name>html_head</inf:name><inf:content xsi:type="inf:SequenceContent" xmlns:xsi="http://www.w3.org/2001/XMLSchema-instance"><inf:completed>true</inf:completed><inf:particle xsi:type="inf:ElementParticle"><inf:name>meta</inf:name><inf:type xsi:type="inf:TypeReference"><inf:reference xmlns:loc="http://localhost">loc:head_meta</inf:reference></inf:type></inf:particle><inf:particle xsi:type="inf:ElementParticle"><inf:name>title</inf:name><inf:type xsi:type="inf:EmptyType"><inf:completed>true</inf:completed></inf:type></inf:particle><inf:comesBefore qname="loc:title" xmlns:loc="http://localhost"/><inf:comesBefore qname="loc:meta" xmlns:loc="http://localhost"><inf:other>loc:title</inf:other></inf:comesBefore></inf:content></inf:complexType></inf:schema>]]></con:inferredSchema></con:interface><con:properties/><con:wssContainer/><con:oAuth2ProfileContainer/><con:oAuth1ProfileContainer/><con:sensitiveInformation/></con:soapui-project>