<?xml version="1.0" encoding="UTF-8"?>
<con:soapui-project id="3d3cfcaa-3c24-49f5-a087-0e8595b7f585" activeEnvironment="Default" name="assignment5.3" resourceRoot="" soapui-version="5.6.0" xmlns:con="http://eviware.com/soapui/config"><con:settings/><con:interface xsi:type="con:RestService" id="d58ffc2f-2d4b-429a-8be4-fc5e11829b17" wadlVersion="http://wadl.dev.java.net/2009/02" name="https://api.nytimes.com" type="rest" xmlns:xsi="http://www.w3.org/2001/XMLSchema-instance"><con:settings/><con:definitionCache/><con:endpoints><con:endpoint>https://api.nytimes.com</con:endpoint></con:endpoints><con:resource name="Lists.json" path="/svc/books/v3/lists.json" id="9f09ed02-1f76-442e-9f37-474cc25f427d"><con:settings/><con:parameters><con:parameter><con:name>list</con:name><con:value/><con:style>QUERY</con:style><con:default/><con:description xsi:nil="true"/></con:parameter><con:parameter><con:name>bestsellers-date</con:name><con:value/><con:style>QUERY</con:style><con:default/><con:description xsi:nil="true"/></con:parameter><con:parameter><con:name>published-date</con:name><con:value/><con:style>QUERY</con:style><con:default/><con:description xsi:nil="true"/></con:parameter><con:parameter><con:name>offset</con:name><con:value/><con:style>QUERY</con:style><con:type xmlns:xs="http://www.w3.org/2001/XMLSchema">xs:integer</con:type><con:default/><con:description xsi:nil="true"/></con:parameter><con:parameter><con:name>api-key</con:name><con:value/><con:style>QUERY</con:style><con:default/><con:description xsi:nil="true"/></con:parameter></con:parameters><con:method name="Lists.json 1" id="df429b47-dde8-464b-b0cd-d115a8e0d912" method="GET"><con:settings/><con:parameters/><con:representation type="FAULT"><con:mediaType>application/json</con:mediaType><con:status>401</con:status><con:params/><con:element xmlns:lis="https://api.nytimes.com/svc/books/v3/lists.json">lis:Fault</con:element></con:representation><con:representation type="RESPONSE"><con:mediaType>application/json; charset=UTF-8</con:mediaType><con:status>200</con:status><con:params/><con:element xmlns:lis="https://api.nytimes.com/svc/books/v3/lists.json">lis:Response</con:element></con:representation><con:request name="Request 1" id="331accd4-9cf2-4f4d-9c8e-544c1d2abb3e" mediaType="application/json"><con:settings><con:setting id="com.eviware.soapui.impl.wsdl.WsdlRequest@request-headers">&lt;xml-fragment/></con:setting></con:settings><con:endpoint>https://api.nytimes.com</con:endpoint><con:request/><con:originalUri>https://api.nytimes.com/svc/books/v3/lists.json</con:originalUri><con:credentials><con:selectedAuthProfile>No Authorization</con:selectedAuthProfile><con:addedBasicAuthenticationTypes>Basic</con:addedBasicAuthenticationTypes><con:authType>No Authorization</con:authType></con:credentials><con:jmsConfig JMSDeliveryMode="PERSISTENT"/><con:jmsPropertyConfig/><con:parameters>
  <con:entry key="api-key" value="ilyEX5w95ubkhx1g8wfua1G09H2SbaDG"/>
  <con:entry key="list" value="hardcover-fiction"/>
</con:parameters><con:parameterOrder><con:entry>list</con:entry><con:entry>bestsellers-date</con:entry><con:entry>published-date</con:entry><con:entry>offset</con:entry><con:entry>api-key</con:entry></con:parameterOrder></con:request></con:method></con:resource></con:interface><con:properties/><con:wssContainer/><con:oAuth2ProfileContainer/><con:oAuth1ProfileContainer/></con:soapui-project>